용도,허가번호,업종,품목명,성분명(국문),성분명(영문),허가일,업체명
동물용의약품,001-003,수입,교토비켄 케나인-9(KYOTO BIKEN CANINE-9),디스템퍼+전염성간염+파라인플+파보바+렙토스피라+코로나,DHPPL+Coronavirus,2003-08-07,(주)삼우메디안
동물용의약품,002-003,수입,폴리펜젝트 20(POLYPENJECT 20),아목시실린,Amoxicillin,1993-03-23,(주)삼동
동물용의약품,002-005,수입,네오펜젝트(NEOPENJECT),페니실린지프로카인+네오마이신,Penicillin G procaine+Neomycin sulfate,1993-03-23,(주)삼동
동물용의약품,002-019,수입,풀밀,아미노필린,Aminophylline,1993-04-02,(주)삼동
동물용의약품,002-021,수입,아스리퍼(ASTHRIPUR),요오드+아미노메탄설폰산,Iodine+Aminomethane sulfonic acid,1993-04-02,(주)삼동
동물용의약품,002-026,수입,비에스케이(B.S.K),바실러스서브틸리스,Bacillus subtillis,1993-04-02,(주)삼동
동물용의약품,002-027,수입,케자콜(CEJAKOL),설피린+구아이페네신+염화세륨+아미노산+요오드화칼륨+아르손산염,Sulpyrine+Guaiphensin+Cerium chloide+Amino acid+Potassium idodin,1993-04-02,(주)삼동
동물용의약품,002-028,수입,세조딜(CEJODYL-TERPEN),염화세륨+요오드화칼륨+아르손산염+터핀하이드레이트+메타미솔,Cerium+Potassium iodine+Sodium arsenate+Terpinhydrate+Metamisol,1993-04-02,(주)삼동
동물용의약품,002-031,수입,더미잘(DERMISAL),정제화황,Sulfur extracts,1993-04-02,(주)삼동
동물용의약품,002-035,수입,루미잘(RUMISAL),넉스보미카추출물,Nux vomica extracts,1993-04-16,(주)삼동
동물용의약품,002-037,수입,산고스티프탈(Sangostyptal),하마멜리스+밀레폴륨+염화나트륨,Hamamelis+Millefolium+Sodium chloride,1993-04-16,(주)삼동
동물용의약품,002-039,수입,테타누산 24%(TETANUSAN 24%),글루콘산 칼슘,Calcium gluconate,1993-04-16,(주)삼동
동물용의약품,002-045,수입,네오콜렌틸(NEO-CHOLENTYL 0.1%),카르바콜,Carbacol,1993-04-16,(주)삼동
동물용의약품,002-048,수입,호미오캄(HOMEOCALM),구리푸로틴네이트,Copper proteinate,1993-04-17,(주)삼동
동물용의약품,002-054,수입,티에스오(T.S.O. SUSPENSION),트리메토프림+설파디아진,Trimethoprim+Sulfadiazine,1993-05-14,(주)삼동
동물용의약품,002-056,수입,비톨젝트포르테(VITOL-JECTFORTFORTE),비타민+아미노산,Vitamin+Amino acid,1993-05-14,(주)삼동
동물용의약품,002-057,수입,보미잘(VOMISAL),토근,Ipecacuanha,1993-05-14,(주)삼동
동물용의약품,002-061,수입,조세키놀(JOCECHINOL),퀴놀린설폰산+염화세륨+요오드화칼륨,8-Hydroxy-7-iodo-quinidine sulfonic acid+Cerium++Potassium,1993-05-14,(주)삼동
동물용의약품,002-068,수입,에이엘 365(AL-365),알루미늄살리실산염+설파구아니딘+탄닌산+사포닌,Aluminium salycylate+Sulfaguanidine+Tannic acid+Saponin,1993-05-24,(주)삼동
동물용의약품,002-069,수입,디센탈(DYSENTERAL),난백추출물+대황추출물+포도필룸추출물,Album+Rheum+Podophylum extracts,1993-07-21,(주)삼동
동물용의약품,002-071,수입,마밀(HOMEOMAMIL),쥐방울씨+승마+흑연+풀사틸라추출물,Aristolochia+Cimicifuga+Graphite+Pulsatilla extracts,1993-07-21,(주)삼동
동물용의약품,002-077,수입,바이오클로스트(BIOCOLOST-LIQUID-S),면역글로블린,Immunoglobulins,1997-05-10,(주)삼동
동물용의약품,002-078,수입,엔테로 펌(ENTEROFERM 35G),장내균,Enterococcus,1997-05-10,(주)삼동
동물용의약품,002-089,수입,엔자이트(ENZITE),전분분해효소+섬유소분해효소+글루카곤분해효소+지방분해효소,Amylase+Cellulase+Glucanase+Protease,2001-10-11,(주)삼동
동물용의약품,002-098,수입,플로론액(Floron oral solution),플로르페니콜,Florfenicol,2003-06-24,(주)삼동
동물용의약품,002-106,수입,파우글로블린,감마글로블린,Gammaglobulin,2004-07-28,(주)삼동
동물용의약품,002-113,수입,덱살론 주사(Dexalone solution),덱사메타손,Dexamethasone sodium phosphate,2002-04-24,(주)삼동
동물용의약품,002-115,수입,레마싸이클린L.A(Remacycline L.A.),옥시테트라싸이클린,Oxytetracycline,1998-06-30,(주)삼동
동물용의약품,002-116,수입,키비탄 주(세프퀴놈황산염)(QIVITAN),세프퀴놈,Cefquinome,2020-02-04,(주)삼동
동물용의약품,003-018,제조,메치아민50,메치오닌,DL-methionine,1970-09-07,대한뉴팜(주)
동물용의약품,003-037,제조,타후민,효모+파파인+황산코발트+메치오닌+전해질,Yeast+Papaine+Cobalt sulfate+Methionine+Electrolytes,1976-03-10,대한뉴팜(주)
동물용의약품,003-040,제조,대한라사로소디(DAEHAN LASARO SODI),라사로시드나트륨,Lasalocid sodium,1985-06-04,대한뉴팜(주)
동물용의약품,003-043,제조,대한트립토신(DAEHAN TRYPTOSIN),트립토판+라이신,Tryptophan+Lysin,1986-01-18,대한뉴팜(주)
동물용의약품,003-052,제조,라바자임(LABAZYME),연쇄상구균+간균+유산균,Streptococcus+Bacillus+Lactobacillus,1986-09-17,대한뉴팜(주)
동물용의약품,003-053,제조,볼록(POLOX),폴록사렌,Poloxalene,1986-09-30,대한뉴팜(주)
동물용의약품,003-067,제조,대한니카바진,니카바진,Nicarbazine,1989-02-10,대한뉴팜(주)
동물용의약품,003-070,제조,타이골드(Ty-Gold),타이로신,Tylosin,1989-08-05,대한뉴팜(주)
동물용의약품,003-071,제조,오렌믹스(AUREONMIX),클로르테트라사이클린염산염,Chlortetracycline HCl,1990-09-22,대한뉴팜(주)
동물용의약품,003-072,제조,대한코린25,염화코린,Choline chloride,1991-06-19,대한뉴팜(주)
동물용의약품,003-078,제조,바이오에스비-골드(BioSB-Gold),효모+간균,Saccharomyces+Bacillus subtillis,1995-07-31,대한뉴팜(주)
동물용의약품,003-079,제조,이스트셀(YEAST SEL),셀레늄이스트,Selenium yeast,1995-08-02,대한뉴팜(주)
동물용의약품,003-080,제조,살리노콕스(SALINOCOKS),살리노마이신나트륨,Salinomysin sodium,1996-07-19,대한뉴팜(주)
동물용의약품,003-081,제조,엔로삭신액(ENROXACIN ORAL),엔로플록사신,Enrofloxacin,1996-11-20,대한뉴팜(주)
동물용의약품,003-087,제조,세파레겐-비유기연고,세파렉신+겐타마이신,Cephalexin+Gentamicin,1997-12-15,대한뉴팜(주)
동물용의약품,003-090,제조,미네라본부록(MINERABON BLOCK),테트라클로르빈포스+광물질,Tetrachlorvinphos+Minerals,1998-07-04,대한뉴팜(주)
동물용의약품,003-093,제조,플루벤(FLUBEN),플루벤다졸,Flubendazole,1998-12-08,대한뉴팜(주)
동물용의약품,003-118,제조,토노플러스 주(TONOPLUS INJ.),토노포스판+비타민,Tonophosphan+Vitamin,2001-04-12,대한뉴팜(주)
동물용의약품,003-130,제조,엑센트플러스주(Accent Plus inj.),세프티오퍼,Ceftiofur,2002-04-22,대한뉴팜(주)
동물용의약품,003-141,제조,부타콤비(Buta-Combi),부타포스판,Butaphosphan,2003-08-02,대한뉴팜(주)
동물용의약품,003-144,제조,암피신(Ampicin),암피실린,Ampicillin,2004-01-06,대한뉴팜(주)
동물용의약품,003-150,제조,톨트라콕신,톨트라주릴,Toltrazuril,2004-07-15,대한뉴팜(주)
동물용의약품,003-153,제조,대한-클로피돌,클로피돌,Clopidol,2005-01-06,대한뉴팜(주)
동물용의약품,003-156,제조,아스비타씨,아스피린(아세틸살리실산) 비타민C(아스코르브산),Aspirin(Acetylsalicylic acid) Vitamin C(Ascorbic acid),2005-06-04,대한뉴팜(주)
동물용의약품,003-159,제조,독시 200,독시싸이클린,Doxycycline,2006-01-31,대한뉴팜(주)
동물용의약품,003-162,제조,아나파액,페닐부타존+브롬헥신,Phenylbutazone+Bromhexine HCl,2006-04-07,대한뉴팜(주)
동물용의약품,003-163,제조,아나파주,톨페나민산,Tolfenamic aicd,2006-05-10,대한뉴팜(주)
동물용의약품,003-167,제조,바이오스펙틴(Biospectin),린코마이신+스펙티노마이신,Lincomycin+Spectinomycin,2007-08-14,대한뉴팜(주)
동물용의약품,003-174,제조,CY 틸미포 200,틸미코신포스페이트,Tilmicosin phosphate,2008-07-28,대한뉴팜(주)
동물용의약품,003-175,제조,스코피린 주(Scopyrin Inj),스코폴라민+디피론,Scopolamine+Dipyrone,2009-06-23,대한뉴팜(주)
동물용의약품,003-178,제조,그랩타론 주(Gleptaron Inj.),글렙토페론,Gleptoferron,2009-07-10,대한뉴팜(주)
동물용의약품,003-179,제조,콕시펜드(Coccipend),디클라주릴,Diclazuril,2009-11-02,대한뉴팜(주)
동물용의약품,003-184,제조,바이렉스 주(Bairex inj.),멘부톤+클로로크레졸,Menbutone+Chlorocresol,2010-02-18,대한뉴팜(주)
동물용의약품,003-188,제조,테라펜(Terraphen),아세트아미노펜(파라세타몰),Acetaminophen,2010-08-24,대한뉴팜(주)
동물용의약품,003-190,제조,카루멘(Carumen),모넨신나트륨,Monensin sodium,2010-12-01,대한뉴팜(주)
동물용의약품,003-193,제조,이뮨부스터(Immune Booster),유우칼리추출물,Eucalyptus tree resin extracts,2011-06-24,대한뉴팜(주)
동물용의약품,003-194,제조,대한 안티섹(ANTISEC),티몰,Thymol,2011-08-24,대한뉴팜(주)
동물용의약품,003-197,제조,투플러스(TWO-PLUS),멜렌게스트롤,Melengestrol,2011-12-13,대한뉴팜(주)
동물용의약품,003-203,제조,하트필락스(Heart phylax),이버멕틴+피란텔,Ivermectin+Pyrantel,2013-02-08,대한뉴팜(주)
동물용의약품,003-204,제조,마뿔샷 100(Mappul-shut 100),마보플록사신,Marbofloxacin,2013-04-03,대한뉴팜(주)
동물용의약품,003-205,제조,마이틱스(Mitix),아미트라즈,Amitraz,2013-08-16,대한뉴팜(주)
동물용의약품,003-206,제조,스킨가드 스프레이(Skin guard spray),트리클로르폰+안식향산벤질,Trichlorfon+Benzylbenzoate,2013-10-07,대한뉴팜(주)
동물용의약품,003-212,제조,에코제트 주입제(오레가노 오일)(Ecoject Ointment),오레가노 오일,Oregano oil,2015-02-10,대한뉴팜(주)
동물용의약품,003-213,제조,에너샷(Enershot),카르니틴,Carnitine,2015-04-30,대한뉴팜(주)
동물용의약품,003-218,제조,쿠마킹액(쿠마포스)(Coumaking),쿠마포스,Coumaphos,2017-03-22,대한뉴팜(주)
동물용의약품,003-219,제조,DH 루치온 주(글루타티온 환원형)(DH Luthione inj.),글루타치온,Glutathion,2017-05-25,대한뉴팜(주)
동물용의약품,003-220,제조,그랜멕틴 푸어온(에프리노멕틴)(Granmectin Pour-on),에프리노멕틴,Eprinomectine,2017-09-01,대한뉴팜(주)
동물용의약품,003-225,제조,디에치 풀비신 과립(그리세오풀빈)(DH Fulvisin),그리세오풀빈,Griseofulvin,2018-02-27,대한뉴팜(주)
동물용의약품,003-230,제조,대한-락토파 산(락토파민염산염)(Daehan-Ractopa),락토파민염산염,Ractopamine HCl,2019-05-01,대한뉴팜(주)
동물용의약품,003-231,제조,암프롬 액(암프롤리움염산염),암프롤리움,Amprolium HCl,2019-08-09,대한뉴팜(주)
동물용의약품,003-232,제조,카디벤단 정(피모벤단)(Cadibendan Tab.),피모벤단,Pimobendan,2019-10-22,대한뉴팜(주)
동물용의약품,003-233,제조,대한 주사용수,주사용증류수,WATER FOR INJECTION,2020-01-15,대한뉴팜(주)
동물용의약품,003-236,제조,트랙스 주(툴라스로마이신)(TRAXX inj.),툴라스로마이신,Tulathromycin,2021-10-20,대한뉴팜(주)
동물용의약품,003-240,제조,테라민 정(테르비나핀염산염)(Teramin Tab.),염산테르비나핀,Terbinafine Hydrochloride,2022-06-15,대한뉴팜(주)
동물용의약품,003-244,제조,프로콕스 정(피로콕시브)(Procox Tab.),피로콕시브,firocoxib,2023-03-09,대한뉴팜(주)
동물용의약품,004-007,제조,신일겐타마이신주(GENTAMICIN INJECTION),겐타마이신,Gentamycin,1981-02-12,에스비신일(주)
동물용의약품,004-009,제조,카나마이신주사액(GANAMYCIN INJ.),카나마이신,Kanamycin,1981-02-12,에스비신일(주)
동물용의약품,004-021,제조,신일아프라마이신믹스(S.I. APRAMYCIN MIX),아프라마이신,Apramycin,1983-07-26,에스비신일(주)
동물용의약품,004-026,제조,씨엔디주(C.N.D. INJ),콜리스틴+네오마이신+덱사메타손,Colistin sulfate+Neomycin sulfate+Dexamethasone,1985-01-10,에스비신일(주)
동물용의약품,004-035,제조,아미라이트 주(AMILYTE INJECTION),전해질교정약,Electrolytes supplemental preparations,1987-06-10,에스비신일(주)
동물용의약품,004-070,제조,노프록실린-100주(NORFLOXILLIN-100 INJECTION),노플록사신,Norfloxacine,1995-12-02,에스비신일(주)
동물용의약품,004-071,제조,뉴브롬-주(NEWBROM-INJ.),브롬헥신,Bromehexine HCl,1996-01-20,에스비신일(주)
동물용의약품,004-074,제조,고나신-주(GONASHIN-INJ.),고나도레닌,Gonadorelin,1996-06-21,에스비신일(주)
동물용의약품,004-112,제조,록시푸러스(산),록시트로마이신+타일로신 타르타르산,Roxithromycin+Tylosin Tartrate,1999-09-11,에스비신일(주)
동물용의약품,004-114,제조,신일네오마이신200(주)(S.I. NEOMYCIN 200 INJ.),네오마이신,Neomycin,1999-11-18,에스비신일(주)
동물용의약품,004-129,제조,뉴-프로캅주(Ketoprone inj.),케토프로펜,Ketoprofen,2002-02-18,에스비신일(주)
동물용의약품,004-136,제조,마스티쿰-에스,비타민A+비타민E+트립신+카이모트립신,Vit.A+Vit.E+Trypsin+Chymotrysin,2003-03-17,에스비신일(주)
동물용의약품,004-166,제조,신일티아물린39(SI TIAMULIN 39),티아물린,Tiamulin,2007-04-23,에스비신일(주)
동물용의약품,004-168,제조,파워펜-S 주(Powerpen-S inj.),페니실린지나트륨-클레미졸+디하이드로스트렙토마이신,Peincillin G sodium-clemizole+Dihydrostreptomycin sulfate,2007-08-28,에스비신일(주)
동물용의약품,004-169,제조,아미목스-주(Amimox inj.),아목시실린트리하이드레이드+겐타마이신,Amoxycillin+Gentamycin sulfate,2007-10-15,에스비신일(주)
동물용의약품,004-189,제조,싸이클렌(Cycleren),클로프로스테놀(프로스타글란딘유도체),Cloprostenol(Analog of prostaglandin),2012-01-13,에스비신일(주)
동물용의약품,004-205,제조,플루퀸200 액(Fluquine200 Sol.),플루메퀸,Flumequine,2014-04-01,에스비신일(주)
동물용의약품,004-002,수입,하이비타코겐(HI-VITACOGEN),생균-효모발효생성물,Probiotic-Yeast fermentation products,1993-02-02,(주)한풍산업
동물용의약품,004-008,수입,L-라이신(L-LYSINE),라이신,Lysin HCl,1995-12-26,(주)한풍산업
동물용의약품,006-025,제조,다나라제-50,프로그램 관리품목,Programming item,1983-04-29,(주)고려비엔피
동물용의약품,006-049,제조,아미철,펩타이드철,Iron peptinate,1986-12-15,(주)고려비엔피
동물용의약품,006-054,제조,제텐-디(ZETEN-D),아연메치오닌,Zinc methionine,1987-09-15,(주)고려비엔피
동물용의약품,006-062,제조,아미철 250(AMI IRON 250),철푸로틴네이트,Iron proteinate,1990-05-08,(주)고려비엔피
동물용의약품,006-079,제조,고려염산시미아졸원료(KOREA CYMIAZOLE HCL),시미아졸,Cymiazole Hcl,1995-03-29,(주)고려비엔피
동물용의약품,006-109,제조,싸이로진-10,사이로마진,Cyromazine,1999-03-19,(주)고려비엔피
동물용의약품,006-116,제조,에스트림산(ESTRIM-P),에리스로마이신+설파디아진+트리메토프림,Erythromycin+Sulfadiazine+Trimethoprim,2001-06-11,(주)고려비엔피
동물용의약품,006-123,제조,힘백 일본뇌염 생백신(Himmvac Japanese Encephalitis Live Vaccine),일본뇌염,Japanese encephalitis,1985-01-19,(주)고려비엔피
동물용의약품,006-125,제조,힘백 돈호방-PAR 혼합백신(Himmvac Donoban-PAR Vaccine),위축성비염+파스튜렐라+흉막폐렴,AR + Pasteurellosis + Pleuropneumonia,1986-06-24,(주)고려비엔피
동물용의약품,006-126,제조,힘백 우사방-E 플러스 주(HIMMVAC CALF E. COLI OIL VACCINE),대장균,E.coli,1986-06-24,(주)고려비엔피
동물용의약품,006-130,제조,힘백 광견병 생독백신(HIMMVAC RABIES LIVE VACCINE),광견병,Rabies,1986-10-27,(주)고려비엔피
동물용의약품,006-133,제조,힘백 소 브이아이피 백신(HIMMVAC BOVINE V.I. VACCINE),전염성비기관염+바이러스성설사증+파라인플루엔자,IBR+BVD+Parainfluenza,1986-11-17,(주)고려비엔피
동물용의약품,006-137,제조,힘백 달구방 버사-엠 생백신(HIMMVAC DALGUBAN BURSA-M LIVE VACCINE),전염성F낭병,Infectious bursal disease,1986-12-30,(주)고려비엔피
동물용의약품,006-143,제조,캐디가드 디에취 생독백신(HIMMVAC D.H.VACCINE),디스템퍼+전염성간염,Distemper+Infectious hepatitis,1987-07-06,(주)고려비엔피
동물용의약품,006-144,제조,힘백 디에취피엘 백신(HIMMVAC D.H.P.L VACCINE),디스템퍼+전염성간염+파보바이러스,DHP,1987-07-06,(주)고려비엔피
동물용의약품,006-147,제조,캐니가드 렙토스피라백신(HIMMVAC CANINE LEPTOSPIRA BACTER),렙토스피라,Leptospirosis,1989-11-03,(주)고려비엔피
동물용의약품,006-152,제조,힘백 소 아까바네병 생독백신(HIMMVAC BOVINE AKABANE VIRUS LIV),아까바네,Akabane,1992-01-28,(주)고려비엔피
동물용의약품,006-154,제조,힘백 소 유행열 생독백신(Himmvac Bovine Ephemeral Fever Live Vaccine),유행열,Ephemoral fever,1992-12-28,(주)고려비엔피
동물용의약품,006-155,제조,힘백 소 이바라기병 사독백신(HIMMVAC BOVINE IBARAKI VIRUS),이바라기,Ibaraki disease,1994-03-23,(주)고려비엔피
동물용의약품,006-158,제조,힘백 TGE.ROTA COMBINED LIVE VACC(HIMMVAC TGE.ROTA COMBINED LIVE),전염성위장염+로타바이러스,TGE + Rota virus,1995-04-20,(주)고려비엔피
동물용의약품,006-159,제조,힘백 개 파보바이러스 사독백신(Himmvac Canine Parvovirus Killed Vaccine),파보바이러스,Parvovirus,1996-10-21,(주)고려비엔피
동물용의약품,006-183,제조,미네랄 알앤디 110,복합광물질,Mixed minerals,2004-04-28,(주)고려비엔피
동물용의약품,006-196,제조,알파 키모 주,키모트립신,Chymotrypsin,2005-08-23,(주)고려비엔피
동물용의약품,006-201,제조,힘백 DHPP 백신(Himmvac DHPP Vaccine),디스템퍼+전염성간염+파보바이러스+파라인플루엔자,DHPP,2006-02-06,(주)고려비엔피
동물용의약품,006-219,제조,펜벤졸(Fenbenzole),펜벤다졸,Fenbendazole,2007-04-23,(주)고려비엔피
동물용의약품,006-222,제조,막피린 주(Macpyrine injection),메타미졸 소디움,Metamizole sodium,2007-09-19,(주)고려비엔피
동물용의약품,006-226,제조,자가농장용 생물학적제제 : 자가백신,자가 백신,Autogenous vaccine,2008-03-20,(주)고려비엔피
동물용의약품,006-229,제조,힘백 우사방 로코 생독혼합백신(Himmvac Woosaban Roco Combined Live vaccine),로타바이러스+코로나바이러스,Rotavirus+Coronavirus,2008-06-16,(주)고려비엔피
동물용의약품,006-230,제조,힘백 돈호방-지엠에스(Himmvac Donoban-GMS),글레써씨+스트렙토코커스스위스+마이코플라즈마,Glasser s disease+Streptococcus suis+Mycoplasma,2008-06-27,(주)고려비엔피
동물용의약품,006-233,제조,힘백 돈단독 불활화백신(HIMMVAC SE Inactivated Vaccine),돼지단독,Erysipelothrix,2008-08-19,(주)고려비엔피
동물용의약품,006-253,제조,힘백 우호방-5(Himmvac Woohoban-5),파스튜렐라+만헤미아+헤모필러스,Pasteurella+Mannheimia+Haemophilus,2009-08-03,(주)고려비엔피
동물용의약품,006-273,제조,석시닐콜린 주(Succinylcholine injection),숙사메토늄염화물수화물,Suxamethonium Chloride Hydrate,2011-01-07,(주)고려비엔피
동물용의약품,006-289,제조,타일렉스(Theilex),부파바쿠온,Buparvaquone,2013-05-08,(주)고려비엔피
동물용의약품,006-291,제조,힘백 달구방 아데노 오일백신(Himmvac Dalguban H Oil vaccine),닭아데노바이러스,Fowl Adenovirus,2013-08-07,(주)고려비엔피
동물용의약품,006-293,제조,케라진 주(Kelazine Injection),자일라진,Xylazines,2013-11-04,(주)고려비엔피
동물용의약품,006-315,제조,자이버스 주(요힘빈염산염)(Zyverse),요힘빈,Yohimbin HCl,2003-02-11,(주)고려비엔피
동물용의약품,006-318,제조,고려 헤파린나트륨 주사(KBNP Heparin Sodium Injection),헤파린나트륨,Heparin sodium,2004-08-26,(주)고려비엔피
동물용의약품,006-329,제조,후미딜-비 산제(후마길린)(Fumidil-B),푸마길린,Fumagillin,2018-10-24,(주)고려비엔피
동물용의약품,006-012,수입,홍사방 스트립(플루발리네이트)(HongSaBang strip),플루발리네이트,Fluvalinate,2017-04-24,대한뉴팜(주)
동물용의약품,006-014,수입,피프닐 스팟온 액(피프로닐)(Fipnil Spot-on),피프로닐,Fipronil,2019-01-22,대한뉴팜(주)
동물용의약품,006-015,수입,알제스트 액(알트레노제스트)(Algest Sol.),알트레노게스트,Altrenogest,2021-08-11,대한뉴팜(주)
동물용의약품,006-016,수입,찬홀드 스팟온 액 120mg(셀라멕틴)(Chanhold Spot-On 120 mg),셀라멕틴,Selamectin,2022-07-28,대한뉴팜(주)
동물용의약품,008-036,제조,미네랄-톱(MINERAL-TOP),광물질공급약,Mineral supplemental preparations,1972-06-28,한국엘랑코동물약품(주)
동물용의약품,008-061,제조,네가산트,코마포스+프로폭서+설파닐라마이드,Comaphos+Propoxur+Sulfanilamide,1976-08-09,한국엘랑코동물약품(주)
동물용의약품,008-070,제조,프로란-이 주사액(PROLAN-E OILY SOLUTION),고나도트로핀+비타민 E,Gonadotropin+Vitamin E,1976-12-12,한국엘랑코동물약품(주)
동물용의약품,008-080,제조,프로란 에스 주사액,에스트로젠+태반성성선자극호르몬,Estrogen+HCG,1977-08-31,한국엘랑코동물약품(주)
동물용의약품,008-081,제조,옥시벧 주사액(Oxyvet Inj.),옥시토신,Oxytocin,1977-08-31,한국엘랑코동물약품(주)
동물용의약품,008-097,제조,빌레본주사액,메니클로포란+메칠글루카민,Menichlopholan+Methylglucamine,1978-05-31,한국엘랑코동물약품(주)
동물용의약품,008-102,제조,린탈-10 과립(Rintal-10 Granule),페벤텔,Febantel,1979-03-23,한국엘랑코동물약품(주)
동물용의약품,008-115,제조,황산아트로핀 1 주사액(ATROPINE SULFATE 1 INJ.),아트로핀,Atropines,1979-08-22,한국엘랑코동물약품(주)
동물용의약품,008-136,제조,카보풀비트(Carbopulbit),비스무스+카올린+약용탄,Bithmuth subnitrate+Kaolin+Medicinal carbone,1980-12-15,한국엘랑코동물약품(주)
동물용의약품,008-137,제조,선오더(SUNODOR),부식산,Humic acid,1980-12-15,한국엘랑코동물약품(주)
동물용의약품,008-141,제조,엑티마,염산에티사졸,Etisazole HCl,1981-05-22,한국엘랑코동물약품(주)
동물용의약품,008-143,제조,드론시트정(DRONCIT TABLET),프라지퀸텔,Praziquintel,1981-05-22,한국엘랑코동물약품(주)
동물용의약품,008-153,제조,바이셀라제(BICELLASE),단백질분해효소+전분분해효소+섬유소분해효소,Protease+Amylase+Cellulase,1982-09-22,한국엘랑코동물약품(주)
동물용의약품,008-168,제조,레프로딘 주사액(REPRODIN INJ.),루프로스티올,Luprostiol,1983-11-26,한국엘랑코동물약품(주)
동물용의약품,008-182,제조,마크로설파(Macro-sulfa),키타사마이신+설파메타진,Kitasamycin+Sulfamethazine,1985-04-19,한국엘랑코동물약품(주)
동물용의약품,008-211,제조,마소텐-액(MASOTEN-SOL),포스포닉산,Phosphonic acid,1987-01-07,한국엘랑코동물약품(주)
동물용의약품,008-229,제조,폭심 VL 용액(Phoxim VL Solution),폭심,Phoxim,1987-12-18,한국엘랑코동물약품(주)
동물용의약품,008-232,제조,비카헤파 주사액(BYKAHEPAR INJ.),클라노부틴+클로로크레졸,Clanibutin+Chlorocresol,1987-12-18,한국엘랑코동물약품(주)
동물용의약품,008-302,제조,에비엑스(Aviax),셈두라마이신,Semduramicin,2002-11-30,한국엘랑코동물약품(주)
동물용의약품,008-345,제조,플럭시민(주)(Fluximine Injection),플루닉신,Flunixin,2015-09-25,한국엘랑코동물약품(주)
동물용의약품,009-026,제조,네오헥사딘,클로르헥시딘,Chlorhexidine,1986-12-15,진우약품(주)
동물용의약품,009-030,제조,메트아이론,철메치오닌,Iron methionine,1987-12-18,진우약품(주)
동물용의약품,009-061,제조,파워 에스 피,클로르테트라싸이클린염산염+설파메타진+페니실린지프로카인,Chlotetracycline HCl+Sulfamethazine+Penicillin G Procaine,2004-07-22,진우약품(주)
동물용의약품,009-063,제조,메벤텔-정,메벤다졸+프라지퀸텔,Mebendazol+Praziquantel,2004-09-07,진우약품(주)
동물용의약품,009-082,제조,진우 피페라진,피페라진,Piperazine,2005-10-18,진우약품(주)
동물용의약품,009-095,제조,아스피린-에스,아세틸살리실산(아스피린),Acetylsalicylic acid(Aspirin),2006-06-16,진우약품(주)
동물용의약품,009-109,제조,헤파맥스-골드(HepaMax-Gold),판토텐산칼슘,Panthothenate calcium,2007-06-25,진우약품(주)
동물용의약품,010-004,수입,헤파겐(HEPAGEN),페녹시메칠프로피온산,Phenoxy-2-methyl-2-propionic acid,1993-04-09,(주)서삼
동물용의약품,010-011,수입,헤파베트(HEPAVET),대황+포도필린+콘두란고+볼더스+넉스보미카,Rhubarb+Podophyllin+Condurango+Boldus+Nux vomica,1993-04-09,(주)서삼
동물용의약품,010-032,수입,달마린(Dalmarelin),레시레린,lecirelin,2009-02-02,(주)서삼
동물용의약품,010-034,수입,세팍시민엘 비유연고(Cefaximin L),리팍시민+세파세트릴나트륨,Rifaximin+Cephacetrile sodium,2009-12-30,(주)서삼
동물용의약품,010-037,수입,셉토겔 주입제(포비돈 요오드)(SEPTOGEL),포비돈요오드,Povidone iodine,2017-11-21,(주)서삼
동물용의약품,014-019,제조,미현 - 100,클로스트리디움부티리쿰,Clostridium butyricum,1980-12-15,(주)성원
동물용의약품,014-032,제조,티아무린-S,설파메타진+티아물린,Sulfamethazine+Tiamulin,1983-10-21,(주)성원
동물용의약품,014-078,제조,록사자임(ROXAZYME),효소유기물,Enzyme complex,1995-12-12,(주)성원
동물용의약품,014-132,제조,스피골드,스피라마이신,Spiramycin,2005-07-29,(주)성원
동물용의약품,014-141,제조,테트라마이신,옥시테트라싸이클린염산염+네오마이신,OTC HCL+Neomycin,2006-12-01,(주)성원
동물용의약품,014-192,제조,콕시데코산(데코퀴네이트),데코퀴네이트,Decoquinate,2021-03-15,(주)성원
동물용의약품,014-010,수입,발라노(VALANOR),제1위추출물,Bovine rumen extracts,1993-04-06,(주)고려비엔피
동물용의약품,014-019,수입,헤파토젝트(HEPATOJECT),제나비릭산,Genabilic acid,1993-07-28,(주)고려비엔피
동물용의약품,014-021,수입,콜타르 스프레이(COAL TAR SPRAY),콜타르,Coal tar,1993-07-28,(주)고려비엔피
동물용의약품,014-033,수입,콕시백-D(COCCIVAC-D),콕시듐,Coccidiosis,1995-11-03,(주)고려비엔피
동물용의약품,016-012,제조,삼우 바시트라신(Samu Bacitracin),바시트라신 아연,Zn-Bacitracin,1970-09-07,(주)삼우메디안
동물용의약품,016-033,제조,에트라스 전해질용액(ETRAS ELECTROLYTE SOL),염화나트륨,Sodium Chloride,1975-07-09,(주)삼우메디안
동물용의약품,016-042,제조,히스타민 주사액(HISTAMIN INJ.),클로르페닐라민,Chlorpheniramines,1976-09-20,(주)삼우메디안
동물용의약품,016-043,제조,삼우프레드니솔론주사(Samu Prednisolone inj.),프레드니솔론,Prednisolone,1976-09-20,(주)삼우메디안
동물용의약품,016-079,제조,세다젝트 주사(SEDAJECT INJECTION),아세프로마진,Acepromazines,1983-11-12,(주)삼우메디안
동물용의약품,016-090,제조,삼우 베타-카로틴(SAMU BERA-CAROTENE),베타카로틴,Beta-carotin,1985-01-09,(주)삼우메디안
동물용의약품,016-134,제조,녹사린 연고(NOXALIN ointment),디클록사실린,Dicloxacillin,1993-10-07,(주)삼우메디안
동물용의약품,016-137,제조,삼우아미카신주사(SAMU AMIKACIN INJ.),아미카신,Amikacin,1995-11-16,(주)삼우메디안
동물용의약품,016-193,제조,세파비 연고(Cefabee oinment),세푸록심,Cefuroxime,2006-05-26,(주)삼우메디안
동물용의약품,016-200,제조,삼우 피린주사(Samu Pyrin Injection),디피론(설피린) 아미노피린 안식향산나트륨 클로르페닐라민,Dipyrone Aminopyrine Caffeine and sodium benzoate Chlorphenirami,2007-11-26,(주)삼우메디안
동물용의약품,016-269,제조,이어캅 외용액(Ear Cop Solution),폴리믹신비 미코나졸 프레드니솔론,Polymyxin B Miconazole Prednisolone,2018-03-22,(주)삼우메디안
동물용의약품,016-010,수입,퀼루멜로 주(멜록시캄)(Qilumelo-Meloxicam Injection 2),멜록시캄,Meloxicam,2018-07-17,(주)서울신약
동물용의약품,018-042,제조,폴리안-10,파인애플추출물,Pineapple extract,1987-09-15,이화팜텍(주)
동물용의약품,018-057,제조,쥬락-에프에이(ZOOLAC-F.A),락토바실러스액시도필러스,Lactobacillus acidophillus,1993-01-14,이화팜텍(주)
동물용의약품,018-141,제조,상그로비트(Sangrovit),상그로비트,Sangrovit,2009-10-26,이화팜텍(주)
동물용의약품,020-002,제조,이글 썰파-500,설파디메톡신,Sulfadimethoxine,1970-11-25,(주)이글벳
동물용의약품,020-072,제조,카프 캐스트(CALF-CAST),유산,Lactic acid,1985-01-30,(주)이글벳
동물용의약품,020-076,제조,타이로-PT,치암페니콜+타이로신+프레드니솔론,Thiamphenicol+Tylosin tartrate+Prednisolone,1986-01-18,(주)이글벳
동물용의약품,020-080,제조,세파졸(CEFAZOL),세파졸린,Cefazolin,1986-01-18,(주)이글벳
동물용의약품,020-166,제조,벤다졸과립(Bendazol Graniles),알벤다졸,Albendazole,2001-12-21,(주)이글벳
동물용의약품,020-216,제조,이글 안티 히스타 주(Eagle Anti Hista Inj),트리페레나민,Tripelennamine,2010-04-26,(주)이글벳
동물용의약품,020-234,제조,이글 파바쿠온 주(Eagle Pavaquone Inj.),파바쿠온,Parvaquone,2014-08-21,(주)이글벳
동물용의약품,020-235,제조,케토코나졸 정제(Ketoconazole Tablets.),케토코나졸,Ketoconazole,2014-10-13,(주)이글벳
동물용의약품,020-261,제조,오디프리 산(OD-Free Powder),상심자열매추출물+아세트아미노펜+부타포스판,Mulberry fruit extract+Acetaminophen+Butaphosphan,2020-04-13,(주)이글벳
동물용의약품,020-266,제조,노제프리 액(Nose Free sol.),살리실산 나트륨,Sodium salicylate,2020-12-08,(주)이글벳
동물용의약품,020-267,제조,덱사메타손 주(덱사메타손포스페이트이나트륨)(Dexamethasone Inj.),덱사메타손,덱사메타손,2021-01-20,(주)이글벳
동물용의약품,022-019,제조,테라미솔(TERAMISOL),테트라미졸,Tetramizole,1978-12-07,(주)퓨오바이더스
동물용의약품,023-032,제조,스티뮤렉스(STIMULEX),제1위추출물+효모+황산동+아미노산+전해질,Rumen extracts+Yeast+Copper sulfate+Amino acid+Electrolytes,1982-12-18,(주)한풍산업
동물용의약품,023-048,제조,파시넥스(FASINEX),트리클라벤다졸,Triclabendazole,1987-07-10,(주)한풍산업
동물용의약품,023-049,제조,몰드펀치,프로피온산,Propionic acid,1987-07-10,(주)한풍산업
동물용의약품,023-059,제조,프로비에스(PRO-BS),알엔에이,Depolymerized RNA,1989-02-28,(주)한풍산업
동물용의약품,023-065,제조,소핀-액(SOPIN-LIQUID),유카추출물,Yucca extracts,1993-03-26,(주)한풍산업
동물용의약품,023-083,제조,한풍-버지니아,버지니아마이신,Virginiamycin,1997-08-09,(주)한풍산업
동물용의약품,023-151,제조,애즈에버 액(As Ever Solution),이미다클로프리드+목시덱틴,Imidacloprid+Moxidectin,2019-08-30,(주)한풍산업
동물용의약품,024-005,제조,코킹 에톡시킨-25,에톡시퀸,Ethoxyquine,1971-03-27,(주)다원케미칼
동물용의약품,024-050,제조,다원 나라신,나라신,Narasin,1988-10-14,(주)다원케미칼
동물용의약품,025-003,제조,SP 안나가주(ANNAKA INJECTION),안식향산나트륨카페인,Caffeine and sodium benzoate,1971-10-18,(주)한동
동물용의약품,025-007,제조,베타콜,베타네콜,Bethanechols,1972-03-09,(주)한동
동물용의약품,025-014,제조,가스마인(GASMAIN SOLUTION),실리콘유 멘톨 고미 크레오소오트,Silicon oil Menthol Capsicum tincture creosote,1972-09-12,(주)한동
동물용의약품,025-019,제조,고나드롱-이 주사(GONADRONG-E INJ),태반성성선자극호르몬,Chorionic gonadotrophin,1973-02-13,(주)한동
동물용의약품,025-021,제조,푸로겐 주사(PROGEN INJECTION),프로게스테론,Progesterone,1973-02-13,(주)한동
동물용의약품,025-032,제조,네오구민 주사(NEOGUMINE INJECTION),네오스티그민,Neostigmines,1974-02-14,(주)한동
동물용의약품,025-037,제조,케이브이 에스트론주사(K.V. ESTRON INJECTION),에스트라디올,Estradiol,1974-08-07,(주)한동
동물용의약품,025-049,제조,스피라 에스 주사(SPIRA-S INJECTION),디하이드로스트렙토마이신+스피라마이신,Dihydrostreptomycin sulfate+Spiramycin,1975-04-16,(주)한동
동물용의약품,025-067,제조,아미노힛트,라이신+효모,Lycin HCl+Yeast,1978-10-11,(주)한동
동물용의약품,025-073,제조,HK 건유연고,클록사실린,Cloxacillin,1979-03-23,(주)한동
동물용의약품,025-075,제조,에페드린주사(EPHEDRINE INJECTION),메칠에페드린+디펜하이드라민+카페인,Methylephedrin HCl+Diphenhydramine HCl+Caffeine,1980-12-15,(주)한동
동물용의약품,025-081,제조,벤질벤로오숀,안식향산벤질+트리에탄올라민+올레인산,Benzyl benzoate+Triethanolamine+Oleic acid,1981-10-17,(주)한동
동물용의약품,025-109,제조,바나가야쿠-50(PANAKAYAKU-50),폴리아크릴산나트륨,Polyacrylonitrile,1986-02-21,(주)한동
동물용의약품,025-147,제조,세파-DC연고,세팔렉신+네오마이신,Cefalexin+Neomycin sulfate,1993-01-20,(주)한동
동물용의약품,025-149,제조,플루메탄주(FLUMETHANE INJ.),플루메타손,Flumethasone,1993-01-20,(주)한동
동물용의약품,025-154,제조,도리세라제-2,섬유소분해효소+전분분해효소+단백질분해효소,Cellulase+Amylase+Protease,1984-10-29,(주)한동
동물용의약품,025-156,제조,망간-프로티네이트,망간프로티네이트,Manganese proteinate,1987-12-18,(주)한동
동물용의약품,025-159,제조,코발트-프로티네이트,코발트프로티네이트,Cobalt proteinate,1987-12-18,(주)한동
동물용의약품,025-160,제조,아연-프로티네이트,아연프로티네이트,Zinc proteinate,1987-12-18,(주)한동
동물용의약품,025-251,제조,한동 포도당 5％ 주사(HD Glucose 5％ Inj.),포도당,Glucose,2013-07-24,(주)한동
동물용의약품,025-271,제조,도라맥스 주사(도라멕틴)(Doramax Inj.),도라멕틴,Doramectin,2016-01-25,(주)한동
동물용의약품,025-277,제조,디노라이스 주사(디노프로스트),디노프로스트,Dinoprost,2017-01-23,(주)한동
동물용의약품,025-289,제조,베르딘 주(베르베린염화물수화물)(Berdin Inj.),베르베린,Berberine chloride,2020-07-16,(주)한동
동물용의약품,025-300,제조,메토민 주(메토클로프라미드염산염수화물)(Metomine Inj.),메토클로프라미드염산염,Metoclopramide HCl,2022-06-16,(주)한동
동물용의약품,025-303,제조,마로펫 주(MaroPet Inj.),마로피턴트(마로피탄트),Maropitant,2023-01-11,(주)한동
동물용의약품,026-004,제조,메치리신,메치오닌+라이신,Methionine+Lysin HCl,1971-08-28,우진비앤지(주)
동물용의약품,026-023,제조,미네믹스에스,아연+망간+구리+철+아미노산,Zinc+Manganese+Copper+Iron+Amino acid,1980-03-25,우진비앤지(주)
동물용의약품,026-030,제조,엔라신-10,엔라마이신,Enramycin,1981-07-13,우진비앤지(주)
동물용의약품,026-052,제조,엠에스-투투투,트리카인,Tricaines,1986-03-00,우진비앤지(주)
동물용의약품,026-079,제조,바이오토닉,리조프스+아스퍼질러스,Rhizopus+Aspergillus,1994-04-19,우진비앤지(주)
동물용의약품,026-182,제조,스테닐 주(아자페론)(Stenil inj.),아자페론,Azaperone,2019-07-31,우진비앤지(주)
동물용의약품,026-189,제조,이뮤니스® 돼지열병 생마커백신(IMMUNIS® CSF-M),돼지열병 생마커바이러스(LMO),Flc-LOM BErns(LMO),2020-05-26,우진비앤지(주)
동물용의약품,026-009,수입,아나보린(ANABOLIN),난드론,Nandron,1993-06-30,(주)세황무역
동물용의약품,026-013,수입,듀파사이클린 스프레이(DUPHACYCLINE SPRAY),옥시테트라싸이클린염산염+겐티안바이오렛+폴리비닐피놀리돈,OTC+Gentianviolet+Polypyrrolidone,1993-08-03,(주)세황무역
동물용의약품,026-015,수입,듀파문(DUPHAMUN),아비폭스바이러스화학처리물,Avipox virus chemical products,1993-08-03,(주)세황무역
동물용의약품,026-021,수입,듀파스파스민(DUPHASPASMIN),이소수프린,Isoxsuprine,1993-08-03,(주)세황무역
동물용의약품,027-030,제조,레바솔(LEVASOLE),레바미졸,Levamizole,1996-12-21,(주)남전물산
동물용의약품,029-008,제조,이노살,유산나트륨,Sodium lactate,1972-05-05,(주)에스에프
동물용의약품,029-083,제조,타이로에스티(TYLO-ST),설파치아졸+타이로신,Sulgathiazole+Tylosin,1987-10-22,(주)에스에프
동물용의약품,029-002,수입,에프.에스.에이치.피 주(F.S.H-P INJ.),난포자극호르몬,Follicle stimulating hormones,1993-04-07,(주)오창
동물용의약품,029-005,수입,도프람 브이(DOPRAM-V INJ.),독사프람,Doxapram HCl,1993-04-07,(주)오창
동물용의약품,029-012,수입,우더밤(UDDER BALM. 9 OZ.(OINTMENT)),옥시퀴놀린,Oxyquinoline,1993-04-07,(주)오창
동물용의약품,029-015,수입,시노벹 600 INJ.(SYNOVET 600 INJ.),태반성성선자극호르몬+혈청성성선자극호르몬,HCG+PMSG,1993-05-19,(주)오창
동물용의약품,029-029,수입,"세라루몬 피.엠.에스(SERARUMON INJ.(P.M.S) 1,000 IU.)",임마혈청성성선자극호르몬,Pregnant mare serum gonadotrophin,1993-07-09,(주)오창
동물용의약품,029-047,수입,일생연 MPS불활화백신,마이코플라즈마,Mycoplasmosis,2004-12-30,(주)오창
동물용의약품,029-048,수입,일생연 돈 AP백신 125RX,흉막폐렴,Pleuropneumonia,2004-12-30,(주)오창
동물용의약품,031-115,제조,마스티온액,이온화칼슘,Ionic calcium,1988-04-12,(주)제일바이오
동물용의약품,031-171,제조,제일트레오닌-50,트레오닌,Threonine,1994-01-17,(주)제일바이오
동물용의약품,031-197,제조,오라이자20(원료용),아스퍼질러스오라이자,Aspergillus oryzae,1995-12-01,(주)제일바이오
동물용의약품,033-031,제조,뇌척수염백신(AE VAC),뇌척수염,Encephalomyelitis,1980-06-24,(주)코미팜
동물용의약품,033-082,제조,프로백 디에이치피피엘(PRO-VAC™ DHPPL),디스템퍼+전염성간염+파라인플루엔자+파보바이러스+렙토스피라,DHPPL,1987-12-28,(주)코미팜
동물용의약품,033-091,제조,포도상구균유방염백신(BM),유방염(포도상구균증),Mastitis(Stapylococcus),1988-07-12,(주)코미팜
동물용의약품,033-092,제조,"스낫플스,폐염혼합불활화백신(S.P)",스낫플+파스튜렐라,Snaffle+Pasteurellosis,1988-07-12,(주)코미팜
동물용의약품,033-146,제조,바이오키민-치민,아연+철+망간+구리프로틴네이트,Zinc+Iron+Manganese+Copper proteinate,1994-06-11,(주)코미팜
동물용의약품,033-181,제조,프로백 돼지열병·단독(열단)(PRO-VAC CSF·SE),돼지열병+돼지단독,Hog cholera Erysipelas,1996-11-26,(주)코미팜
동물용의약품,033-209,제조,ARP TOXOID VAC(ARP TOXOID VAC),위축성비염+위축비염독소+파스튜렐라+파스튜렐라독소,AR+AR toxoid+Pasteurellosis+Pasteurella toxoid,2000-07-13,(주)코미팜
동물용의약품,033-216,제조,프로백 코프톡시(PRO-VAC Cough Toxi),보르데텔라브론키셉티카,Bordetella bronchiseptica,2001-12-31,(주)코미팜
동물용의약품,033-267,제조,프로백 돼지오제스키병(PRO-VAC AD),오제스키,Aujeszky s disease,2009-04-16,(주)코미팜
동물용의약품,033-276,제조,프로백 파코(PRO-VAC PaCo),코로나바이러스+파보바이러스,Coronavirus+Parvovirus,2009-10-26,(주)코미팜
동물용의약품,033-302,제조,프로백 에드와드연쇄상구균 혼합백신(PRO-VAC 3ST-vaccine),넙치 에드와드불활화백신,Edwardsiella tarda Inactivated Vaccine,2012-07-25,(주)코미팜
동물용의약품,033-334,제조,프로백 써코에이(Provac Circo-A),써코바이러스+흉막폐럼,PCV+pleuropneumoniae,2014-09-16,(주)코미팜
동물용의약품,033-358,제조,프로백TM 돼지열병 생마커 주(돼지열병 생마커바이러스 백신)(PRO-VACTM CSF Marker live),돼지열병 E2 마커백신,돼지열병 바이러스 gp55 및 IL2 융합단백질,2017-01-06,(주)코미팜
동물용의약품,033-384,제조,지트리판 주사(G-Trypan Inj.),멜라르소민 디하이드로클로라이드,Melarsomine dihydrochloride,2022-08-05,(주)코미팜
동물용의약품,034-019,제조,스킨연고,살리실산메칠+디펜하이드라민+산화아연+침강유황+캠퍼+프레드니솔론,Salicylate+Diphehydramin+Zinc oxide+Sulphur+Camphor+Prednisolone,1973-12-21,한국썸벧(주)
동물용의약품,034-132,제조,하이씨에스피,페니실린지프로카인+클로르테트라사이클린칼슘염+썰파치아졸,Procaine penicillin G+Chlortetracycline-ca+Sulfathiazole,2004-08-10,한국썸벧(주)
동물용의약품,034-170,제조,부은데,하이드로클로로치아자이드+덱사메타손,Hydrochlorothiazide+Dexamethasone,2008-01-18,한국썸벧(주)
동물용의약품,034-246,제조,킥-마이트액(개미산),개미산,Formic acid,2022-07-13,한국썸벧(주)
동물용의약품,035-029,제조,퀸트롤(Quintrol),퍼틸레닌,Fertirelin,1983-06-18,(주)동방
동물용의약품,035-055,제조,로노자임 P 500(RONOZYME P 500),파이타제,Phytase,1998-03-31,(주)동방
동물용의약품,035-075,제조,피닉스(PHOENYX),폴리감마글루탐산,Poly-gamma-Glutamic Acid,2011-03-15,(주)동방
동물용의약품,035-076,제조,이콰딘(EQUADIN),데토미딘,Detomidine HCl,2011-08-09,(주)동방
동물용의약품,035-077,제조,메데틴(MEDETIN),메데토미딘,Medetomidine,2011-08-09,(주)동방
동물용의약품,035-078,제조,동방 안티메딘(ANTIMEDIN),아티파메졸,Atipamezol,2011-08-09,(주)동방
동물용의약품,036-033,제조,푸로라이트,요오드카제인+비타민,Iodied casein+Vitamins,1992-03-02,제이비바이오팜(주)
동물용의약품,037-005,제조,네오바이트-900(NEOVITE-900),네오바이트,Neovite,1974-04-18,(주)유니바이오테크
동물용의약품,037-020,제조,옥시다졸(OXIDAZOLE),옥시벤다졸,Oxibendazole,1984-02-27,(주)유니바이오테크
동물용의약품,037-022,제조,G-1000,갈릭산,Gallic acid,1984-05-10,(주)유니바이오테크
동물용의약품,037-239,제조,다녹실 주사(DANOXYL Inj.),다노플록사신,Danofloxacine,2012-12-04,(주)유니바이오테크
동물용의약품,037-249,제조,부세렐 주사(부서레린)(BUSEREL Inj.),부세렐린,Buserelin,2016-01-25,(주)유니바이오테크
동물용의약품,037-053,수입,앱가드 액(오메프라졸)(AbGard),오메프라졸,Omeprazole,2016-01-07,(주)동방
동물용의약품,037-057,수입,써코마이코가드(Circomycogard),써코바이러스+마이코플라즈마폐렴,Circovirus type 2+Mycoplasma pneumonia,2021-04-05,(주)동방
동물용의약품,038-045,수입,비오 마렉 HVT 프로즌(BIO-MAREK HVT FROZEN),마렉병 HVT,Marek s disease HVT,1997-07-01,일승물산(주)
동물용의약품,038-051,수입,바이오-엠디-백(BIO-MD-VAC),마렉병 CVI 988,Marek disease CVI 988,1999-02-25,일승물산(주)
동물용의약품,041-058,제조,류코시드,김치유산균,Kim-chi Lactobacillus,2006-10-27,(주)솔톤바이오켐
동물용의약품,042-006,제조,서울-비.에치.티,비.에이치.티.,B.H.T.,1981-05-22,(주)서울신약
동물용의약품,042-020,수입,리터가드-엘티/씨(LITTERGUARD-LT/C),대장균+클로스트리디움독소,E.coli+Clostridium toxoid,1993-09-24,한국조에티스(주)
동물용의약품,042-054,수입,리마딜츄어블 정(Rimadyl Chewable Tablets),카프로펜,Carprofen,2001-05-23,한국조에티스(주)
동물용의약품,042-087,수입,에퀴백 S(Equivac S),선역,Strangle,2007-03-16,한국조에티스(주)
동물용의약품,042-095,수입,컨베니아(Convenia),세포베신,Cefovecin,2009-10-28,한국조에티스(주)
동물용의약품,042-145,수입,뉴마볼트 K+1b,비강폐렴,Rhinopneumonitis,1998-03-27,한국조에티스(주)
동물용의약품,042-150,수입,BMD Granulated 10％(BMD Granulated 10％),비.엠.디(바시트라신 메틸렌 디살리실레이트),B.M.D(Bacitracin methylene disalicylate),2007-05-28,한국조에티스(주)
동물용의약품,042-153,수입,프로하트 SR-12 주사액(ProHeart SR-12 Injection),목시덱틴,Moxidectin,2012-01-20,한국조에티스(주)
동물용의약품,042-180,수입,심패리카 츄어블 정 (세롤레이너)(Simparica chewable tablets),세롤레이너,Sarolaner,2019-10-21,한국조에티스(주)
동물용의약품,049-028,수입,캔백 DP(CANVAC DP),디스템퍼+파보바이러스,DP,2004-03-26,이화팜텍(주)
동물용의약품,052-010,제조,동선산화동(CUO),산화동,Cupric oxide,1992-12-30,동선산업(주)
동물용의약품,054-003,제조,옥시벤다졸,옥시벤다졸,Oxybendazole,1985-09-06,(주)삼화바이오팜
동물용의약품,054-005,제조,대희니코틴산아미드,나이아신아미드,Niacinamide,1986-01-18,(주)삼화바이오팜
동물용의약품,054-010,제조,옥소린산나트륨,옥소린산,Oxolinic acid,1998-07-31,(주)삼화바이오팜
동물용의약품,054-011,제조,크라노부틴,클라노부틴,Clonobutins,2002-10-28,(주)삼화바이오팜
동물용의약품,054-027,수입,단푸론 주(DANPURON INJ.),디펜하이드라민+카페인+안티피린+메칠에페드린,Diphenhydramine+Caffeine+Antipyrine+Methylephedrine,1993-06-30,화성동물약품(주)
동물용의약품,054-032,수입,4.3.1합제(SINSAIICHI SOLUTION),트루펜틴+암모니아+캠퍼+멘톨,Turpentine+Ammonia+Camphor+Mentol,1993-06-30,화성동물약품(주)
동물용의약품,054-034,수입,도루라민-덴까(TORURAMIN-DENKA),토루라이스트,Torura yeast,1993-10-14,화성동물약품(주)
동물용의약품,054-035,수입,케토푸렉스 디(KETOPLEX D),프로피온산나트륨+시트렌산나트륨,Sodium propionate+Sodium citrate,1994-02-23,화성동물약품(주)
동물용의약품,054-055,수입,옥사민산(OXAMIN POWDER),산화마그네슘+치오황산나트륨+카올린+건강+고추,Magnesium oxide+Sodium thiosulfate+Caolin+Ginger+Capsicum,1995-11-14,화성동물약품(주)
동물용의약품,056-008,제조,제텐-에스(ZINC SULFATE MONOHYDRATE),황산아연,Zinc sulfate,1986-07-29,(주)동우티엠씨
동물용의약품,056-009,제조,훼로-에스(FERROW SULFATE MONOHYDRATE),황산철,Ferrous sulfate,1986-07-29,(주)동우티엠씨
동물용의약품,057-003,수입,아미노산 카리 콤푸렉스(POTASSIUM AMINO ACID COMPLEX),아미노산칼륨컴플렉스,Amino acid-Potassium complex,1993-09-03,상록물산(주)
동물용의약품,057-007,수입,칼슘 푸로틴네이트(CALCIUM PROTEINATE),칼슘프로티네이트,Calsium proteinate,1993-09-03,상록물산(주)
동물용의약품,059-004,수입,아이디 원(ID-1),면역글로블린지-엠-에이,IgG+IgM+IgA,1993-03-20,(주)대동신약
동물용의약품,059-006,수입,푸루미센(FRUSMICEN),푸로세미드,Furosemide,1993-03-20,(주)대동신약
동물용의약품,059-009,수입,스티뮤린(STIMULYNE),헵타미놀+디프로필린,Heptaminol+Diprophylline,1993-12-20,(주)대동신약
동물용의약품,063-002,제조,2% D-BIOTIN 전분혼합제제,바이오틴전분혼합제제,Biotin starch mixing preparation,1987-11-19,이성화학(주)
동물용의약품,066-003,수입,오니푸랄 주사(ORNIPURAL INJ. SOL.),아르기닌+오르니틴+시트룰린+비테인+소르비톨,arginine+ornithine+citrulline+sorbitol+betaine,1993-03-18,베토퀴놀코리아(주)
동물용의약품,066-032,수입,프릴리움 75(Prilium 75),이미다프릴 염산염,Imidapril hydrochloride,2012-04-20,베토퀴놀코리아(주)
동물용의약품,066-051,수입,오브젤(Ovugel),트립토렐린 아세테이트,Triptorelin Acetate,2015-08-28,베토퀴놀코리아(주)
동물용의약품,069-011,수입,아베일라-아연 100(Availa Zn 100),아연+아미노산,Zinc+Amino acid,1998-01-10,(주)신한바이오켐
동물용의약품,069-013,수입,유효철분 60(AVAILA Fe 60),철+아미노산,Iron+Amino acid,1998-03-26,(주)신한바이오켐
동물용의약품,069-018,수입,글란딘-엔,프로스타글란딘에프2알파,Prostaglandin F2 alpha,1998-07-29,(주)신한바이오켐
동물용의약품,071-001,수입,Fe-맥스(Fe-MAX),철글루타메이트,Iron-glutamate,1993-05-03,(주)한동
동물용의약품,071-021,수입,아퀴에스,이소유게놀,Isoeugenol,2004-09-02,(주)한동
동물용의약품,071-023,수입,유로에이스 정,초산오사테론,Osaterone Acetate,2005-01-29,(주)한동
동물용의약품,071-024,수입,에이스 워커 정(ACE WORKER TABLETS),염산 테모카프릴,Temocapril Hydrochloride,2007-06-04,(주)한동
동물용의약품,075-016,수입,오티벳(OTIVET),겐타마이신+베타메타손+클로트리마졸,Gentamicin+Bethamethasone+Clotrimazole,2005-08-29,(주)성원
동물용의약품,075-020,수입,아토펙스(Atopex),사이클로스포린 A,cyclosporin A,2006-05-22,(주)성원
동물용의약품,075-037,수입,아미노 솔루션(Amino Solution),포도당,Dextrose,1997-02-20,(주)성원
동물용의약품,077-001,제조,바이오프로(BIOPRO),미생물복합체,Microorganism complex,1993-04-03,(주)대호
동물용의약품,083-001,제조,일동시프로플록사신,시프로플록사신,Ciprofloxacine,1994-09-05,일동제약(주)
동물용의약품,085-003,제조,진컬(ZINCUL),아연+조단백질+조지방+조섬유,Zinc+Crude protein+Crude fat+Crude fibriae,1996-11-27,(주)하나테크
동물용의약품,089-001,제조,피콜린산크롬(CHROMIUM(III) TRIPICOLINATE),크롬피콜린산,Chrominium tripicolinate,1996-03-11,(주)삼조생명과학
동물용의약품,089-002,제조,피아이에프크롬(PIF CHROME),크롬트리피콜린산,Chromium tripicolinate,1996-03-11,(주)삼조생명과학
동물용의약품,096-014,제조,아빌라믹스,아빌라마이신,Avilamycin,2001-01-12,(주)씨티씨바이오
동물용의약품,096-027,제조,마이자임에프(MYZYME-F),크실란분해효소,Xylanase,2002-12-31,(주)씨티씨바이오
동물용의약품,102-002,수입,트로스칸500(TROSCAN500),니트로스카네이트,Nitroscanate,1996-09-12,(주)세아엘텍
동물용의약품,111-036,수입,밀베마이신 A정 1.25,밀베마이신,Milbemycin oxime,2000-02-17,한국엘랑코동물약품(주)
동물용의약품,111-050,수입,포르테코 플레이버정 5mg(베나제프릴염산염)(Fortekor F 5),베나제프릴 염산염,Benazepril Hydrochloride,2017-08-21,한국엘랑코동물약품(주)
동물용의약품,111-051,수입,바이파문(BAYPAMUN LIQUID),파라폭스바이러스화학처리물,Parapoxvirus chemical products,1993-06-18,한국엘랑코동물약품(주)
동물용의약품,115-051,제조,인공가루스염,탄산나트륨+황산나트륨+근경,Sodium hydrogencarbonate+Sodium sulfate+Rhizoma calami,1968-05-29,(주)이엘티사이언스
동물용의약품,115-053,제조,아연화연고,바세린+산화아연,Vaseline+Zinc oxide,1968-05-29,(주)이엘티사이언스
동물용의약품,115-055,제조,유황연고,유황+왁스+라노린+와세린,Precipitated sulfur+Beeswax+Lanolin+Petrolatum,1968-05-29,(주)이엘티사이언스
동물용의약품,115-060,제조,중앙안약,붕산+황산동,Boric acid+Cupric sulfate,1974-05-14,(주)이엘티사이언스
동물용의약품,115-187,제조,에피그로 산(Appegro),시프로헵타딘염산염수화물+산사,Cyproheptadine Hydrochloride Hydrate+Hawthorn Fruit,2018-03-22,(주)이엘티사이언스
동물용의약품,115-194,제조,복합 개시딘 겔(GaeSidin),퓨시드산+베타메타손,fusidic acid+bethamethasone,2020-02-13,(주)이엘티사이언스
동물용의약품,115-211,제조,쿠스탄 캡슐(트릴로스탄)(Custan),트릴로스테인,Trilostane,2023-02-24,(주)이엘티사이언스
동물용의약품,121-038,수입,콜리신네오(KOLISIN NEO),대장균,E.coli disease,2005-10-07,(주)원벳바이오
동물용의약품,121-051,수입,비오칸 M(Biocan M),마이크로스포럼(곰팡이) 백신,Microsporum canis,2007-08-01,(주)원벳바이오
동물용의약품,121-071,수입,트리코벤 주사제(TRICHOBEN inj.),백선균,Trichophyton verrucosum,2020-01-02,(주)원벳바이오
동물용의약품,128-034,수입,셀고토닌 주사(SERGOTONINE INJ),세로토닌+에르고메트린,Serotonine+Ergometrine,1998-10-24,한국베링거인겔하임동물약품(주)
동물용의약품,128-050,수입,바이오타이포이드(Bio Thyphoid),닭티푸스,Fowl Typhoid,2000-09-06,한국베링거인겔하임동물약품(주)
동물용의약품,128-067,수입,갈리뮨 SE(살모넬라 엔테 불활화)(Gallimune SE),살모넬라장염,Salmonella enteritis,2002-12-28,한국베링거인겔하임동물약품(주)
동물용의약품,128-094,수입,백시텍 HVT+ IBD(Vaxxitek HVT+IBD),전염성F낭병+마렉,IBD+MD,2009-07-13,한국베링거인겔하임동물약품(주)
동물용의약품,128-109,수입,넥스가드 스펙트라 츄어블 정 초소형견용(Nexgard Spectra),아폭솔라너+밀베마이신 옥심,Afoxolaner+Milbemycin oxime,2017-01-24,한국베링거인겔하임동물약품(주)
동물용의약품,128-123,수입,몬잘(MONZAL),베트라브틴,Vetrabutin HCl,1993-02-11,한국베링거인겔하임동물약품(주)
동물용의약품,128-155,수입,두라문 맥스 5-CvK(DURAMUNE MAX 5-CvK),디스템퍼+전염성간염+파라인플루엔자+파보바이러스+코로나바이러스,DHPP+Coronavirus,2003-08-04,한국베링거인겔하임동물약품(주)
동물용의약품,128-158,수입,세민트라(Semintra Oral solution),텔미살탄,Telmisartan,2015-11-11,한국베링거인겔하임동물약품(주)
동물용의약품,128-161,수입,펙시온 정(이메피토인)(Pexion),이메피토인,Imepitoin,2018-06-25,한국베링거인겔하임동물약품(주)
동물용의약품,128-163,수입,작트란-주(가미스로마이신)(Zactran),가미스로마이신,Gamithromycin,2019-05-01,한국베링거인겔하임동물약품(주)
동물용의약품,128-168,수입,프론트라인 트리액트 액 초소형견용(Frontline Tri-Act spot-on solution for dogs 2-5kg),퍼메트린+피프로닐,Permethrin+Fipronil,2021-04-09,한국베링거인겔하임동물약품(주)
동물용의약품,129-040,수입,에스오에이스프레이(S.O.A SPRAY(SEX ORDER AEROSOL)),안드로스톤,Androstone,2000-11-25,한국엠에스디동물약품(주)
동물용의약품,129-049,수입,이리렌(ILIREN),티아프로스트,Tiaprost,2002-07-29,한국엠에스디동물약품(주)
동물용의약품,129-065,수입,주락스(Zoolax),알로에추출물+향쑥추출물,Aloe extracts+Absinthium extracts,2003-05-15,한국엠에스디동물약품(주)
동물용의약품,129-084,수입,메트리큐어,세파피린,Cephapirin,2006-12-15,한국엠에스디동물약품(주)
동물용의약품,129-090,수입,바소탑-P 1.25 / 2.5/ 5(Vasotop-P 1.25/ 2.5/ 5),라미프릴,Ramipril,2007-05-29,한국엠에스디동물약품(주)
동물용의약품,129-091,수입,노빌리스 CAV P4(Nobilis CAV P4),닭전염성빈혈바이러스,Chicken Infectious Animia,2008-08-22,한국엠에스디동물약품(주)
동물용의약품,129-093,수입,티-61(T-61),Embutramide,Embutramide,2009-03-06,한국엠에스디동물약품(주)
동물용의약품,129-100,수입,랄그로(RALGRO),제라놀,Zeranol,1993-03-20,한국엠에스디동물약품(주)
동물용의약품,129-140,수입,질맥스(Zilmax),질파테롤,Zilpaterol HCI,2013-02-01,한국엠에스디동물약품(주)
동물용의약품,129-144,수입,주프레보 18 ％(ZUPREVO 180mg/ml solution),틸디피로신,Tildipirosin,2013-11-19,한국엠에스디동물약품(주)
동물용의약품,129-146,수입,캐닌슐린(CANINSULIN),인슐린,Isulin,2014-01-29,한국엠에스디동물약품(주)
동물용의약품,129-150,수입,브라벡토 츄어블정(플루랄라너)(Bravecto Chewable tablets),플루랄라너,Fluralaner,2016-02-05,한국엠에스디동물약품(주)
동물용의약품,129-162,수입,레벤타 액(레보티록신나트륨)(LEVENTA),레보티록신나트륨,Levothyroxine sodium,2019-05-01,한국엠에스디동물약품(주)
동물용의약품,129-169,수입,비달타정 10mg(카비마졸)(Vidalta 10mg),카비마졸,Carbimazole,2021-04-13,한국엠에스디동물약품(주)
동물용의약품,167-003,제조,비넨볼(Bienenwohl),프로폴리스+구연산,Propolis+Citric acid,2004-01-20,비센바이오(주)
동물용의약품,184-001,수입,이리도불활화백신(버켄),불활화 이리도 바이러스,Iridovirus,2004-07-01,㈜보령바이오파마
동물용의약품,209-044,수입,하이포피신 주,카르베토신,Carbetocin,2004-08-10,디앤제이
동물용의약품,279-002,수입,리바콕스 T(Livacox T),생원충,Live protozoa,2008-10-24,메리스바이오(주)
동물용의약품,283-038,수입,아시코나정 100(Ashicona 100),이트라코나졸,Itraconazole,2012-09-13,(주)제이에스케이
동물용의약품,283-042,수입,이소트로이(Isotroy),이소플루란,Isoflurane,2013-09-05,(주)제이에스케이
동물용의약품,283-046,수입,메트로질(Metrogyl),메트로니다졸,Metronidazole,2014-02-11,(주)제이에스케이
동물용의약품,283-055,수입,실리 정(Sili Tablet),실데나필 시트르산염,Sildenafil Citrate,2017-10-12,(주)제이에스케이
동물용의약품,283-066,수입,레비세딘정(레비티라세탐)(Levicedin),레비티라세탐,Levetiracetam,2020-05-28,(주)제이에스케이
동물용의약품,292-001,수입,파라사이드(PARACIDE),니클로사마이드+옥시벤다졸,Niclosamide+Oxibendazole,1993-02-16,(주)이레켐
동물용의약품,292-012,수입,캔디오 리포카익(Candiolipocaic),효소처리췌장분해물,Enzymatic pancreas lysate,1993-07-16,(주)이레켐
동물용의약품,303-001,수입,알팍산 멀티도즈(Alfaxan Multidose),알팍사론,Alfaxalone,2013-06-13,(주)케어사이드
동물용의약품,309-003,수입,펠리마졸 2.5mg 정(Felimazole 2.5mg Tablets),티아마졸,Thiamazole,2013-07-22,리퓨어헬스케어(주)
동물용의약품,309-014,수입,카누랄 점이제(Canaural ear drops),퓨시드산 디에탄올아민+황산 후라마이세틴+니스타틴+프레드니솔론,Diethanolamine fusidate+Framycetin sulphate+Nystatin+Prednisolone,2017-04-14,리퓨어헬스케어(주)
동물용의약품,309-016,수입,자이코탈 주25mg(데속시코톤 피발레이트)(zycortal 25mg),데속시코톤 피발레이트,Desoxycortone Pivalate,2018-02-13,리퓨어헬스케어(주)
동물용의약품,312-004,수입,아자딘(AZADIN),디미나젠+페나존,Diminazene+Phenazone,2015-10-20,(주)이안애니멀헬스
동물용의약품,337-017,수입,스펙티노마이신 5액(Spectinomycin 5),스펙티노마이신,Spectinomycin,2019-11-07,한산에프앤피
동물용의약품,364-069,제조,캐니플루-맥스(CaniFlu-max),개인플루엔자,Canine influenza,2009-11-13,녹십자수의약품(주)
동물용의약품,364-076,제조,녹수 이뮨가드(IMMUNGUARD),포도상구균화학추출물+보르테텔라균화학추출물,Staphylococcus chemical products+ Bordetella chemical products,1998-09-01,녹십자수의약품(주)
동물용의약품,364-092,제조,녹수 파일로카핀주사제,필로칼핀,Pilocarpines,1971-07-31,녹십자수의약품(주)
동물용의약품,380-001,위탁제조판매,조인트벡스 주(이엘에치엘디 펩타이드)(JointVex),이엘에치엘디 펩타이드,ELHLD peptide,2020-02-12,(주)엔솔바이오사이언스
동물용의약품,381-001,위탁제조판매,제다큐어 츄어블정(크리스데살라진)(GedaCure chewable tablets),크리스데살라진,Crisdesalazine,2021-02-02,(주)지엔티파마
동물용의약품,399-002,수입,지안-림졸 주사제(ZIAN-LYMPZOL INJ.),"아셀렌산 나트륨, 글루콘산 니켈, 글루콘산 망간, 글루콘산 아연, 글루콘산 구리, 글루콘산 코발트","Sodium Selenite, Nickel gluconate, Maganese gluconate, Zinc gluconate, Copper gluconate, Coblat glu",2022-08-22,(주)지안바이오
동물용의약품,404-003,수입,인터베리-알파 산(InterBerry-α),인터페론,interferon,2021-11-08,녹십자수의약품(주)
동물용의약품,437-001,제조,티스템 조인트 펫(T-STEM JOINT PET),인체지방줄기세포 유래 단백질,Human Adipose Stem Cell Derived Protein,2021-11-30,(주)티스템
동물용의약외품,003-200,제조,이지워시(Easy wash),차아염소산칼슘,Calcium Hypochlorite,2012-10-04,대한뉴팜(주)
동물용의약외품,004-040,제조,트리존-A(TRIZON-A),이산화염소,Chlorine dioxide,1988-03-17,에스비신일(주)
동물용의약외품,004-122,제조,신일클로-T(SI CHLOR T),디클로르이소시아눌산 나트륨,Sodium Dichloroisocyanurate,2000-07-18,에스비신일(주)
동물용의약외품,004-128,제조,씨트릭-존(CITRIC-ZONE),시트르산,Citric acid,2001-02-20,에스비신일(주)
동물용의약외품,004-130,제조,맥사이드(MaxCide),삼종염+디클로르이소시아눌산나트륨,Potassium monopersulfate triple salt+Sodium dichloroisocyanurate,2002-05-07,에스비신일(주)
동물용의약외품,004-209,제조,씨에코 스프레이(SI ECO Spray),시트르산+클로르헥시딘글루콘산염액,Anhydrous citric acid+Chlorhexidine gluconate solution,2014-09-03,에스비신일(주)
동물용의약외품,006-286,제조,윌로벳 유한 웰클리어,벤잘코늄,Benzalkonium,2013-01-18,(주)고려비엔피
동물용의약외품,006-325,제조,와구방 액제(정향추출물)(Wagooban solution),정향추출물(유게놀),Clove extract(Eugenol),2018-05-10,(주)고려비엔피
동물용의약외품,006-348,제조,와구방 포르테 액제(데리스 추출물)(Wagooban Forte Solution),데리스추출물,Derris elliptica Extract,2021-01-11,(주)고려비엔피
동물용의약외품,006-354,제조,에코라인 액제(Eco-line),과산화수소+과초산,Hydrogen peroxide+Peracetic acid,2021-08-13,(주)고려비엔피
동물용의약외품,008-058,제조,볼포(BOLFO),프로폭서,Propoxur,1976-08-09,한국엘랑코동물약품(주)
동물용의약외품,008-237,제조,롱라이프 250 에스(LONGLIFE 250 S),타르산+설폰산+크실레놀+유산,Tar acid+Sulfonic acid+Xylenol+Lactic acid,1988-10-14,한국엘랑코동물약품(주)
동물용의약외품,008-249,제조,판텍-유액(PANTECH-E.C),싸이플루스린,Cyfluthrin,1990-12-05,한국엘랑코동물약품(주)
동물용의약외품,008-277,제조,버콘-에스(VIRKON-S),모노퍼설페이트화합물+능금산+설파믹산,Monopersulfate compound+Malic acid+Sulfamic acid,1993-07-05,한국엘랑코동물약품(주)
동물용의약외품,014-181,제조,에스라인(S-Line),삼종염+능금산+구연산,Triple salt+Malic acid+Citric acid,2013-05-24,(주)성원
동물용의약외품,016-054,제조,디엠졸,크레졸+올소디클로로벤젠+메탄올,Crezol+o-dichlorobenzen+Methanol,1979-10-02,(주)삼우메디안
동물용의약외품,016-066,제조,카바린분제(Cabarin),비피엠씨,BPMC(2-Sec-butylphenyl-N-methylcarbamate),1981-10-31,(주)삼우메디안
동물용의약외품,016-191,제조,비바존(VIBA ZONE),"삼종염,사과산,소듐콜로라이드","삼종염,사과산,소듐콜로라이드",2006-04-03,(주)삼우메디안
동물용의약외품,018-001,제조,태고51,글리신,Glycine,1970-08-05,이화팜텍(주)
동물용의약외품,018-053,제조,씨.에이.티-100(C.A.T-100),클로타민티,Chlotamine T,1990-07-19,이화팜텍(주)
동물용의약외품,018-142,제조,태고-SP(Tego-SP),Alkyldiaminoehtylglycine,Alkyldiaminoehtylglycine,2009-11-26,이화팜텍(주)
동물용의약외품,022-001,제조,크로벤(CHROBEN),크레졸+디클로르벤젠,Cresol+Ortho-dichlorbenzene,1972-06-05,(주)퓨오바이더스
동물용의약외품,022-002,제조,디브로모(DIBROMO),날리드,Naled,1973-03-14,(주)퓨오바이더스
동물용의약외품,022-110,제조,엑세놀(Axenohl),은+구연산,Silver+ Citric acid,2007-10-26,(주)퓨오바이더스
동물용의약외품,022-112,제조,라비다이-SC(비스트리플루론)(Larvidie-SC),비스트리플루론,비스트리플루론,2008-08-01,(주)퓨오바이더스
동물용의약외품,022-141,제조,와구프리 블루(Wagoo-Free Blue),비펜쓰린,Bifenthrin,2014-07-28,(주)퓨오바이더스
동물용의약외품,022-142,제조,주론파워 25WP(Zuron Power 25WP),디플루벤주론,Diflubenzuron,2014-12-12,(주)퓨오바이더스
